Player,GP,MIN,PTS,REB,AST,STL,BLK,TOV,OREB,DREB,PF,+/-,eFG%,FGM,FGA,3PM,3PA,FTM,FTA,FG%,3P%,FT%,GmSc,TS%,3PAr,FTr,AST'd%,ORB%,DRB%,TRB%,AST%,STL%,BLK%,TOV%,USG%,PER,ORtg,DRtg,NRtg,OBPM,DBPM,BPM,OWS,DWS,WS,WS/40,WS/82,VORP,VORP/82
AJ Dybantsa,2,25.4,35.5,9.9,2.8,3.6,2.1,2.8,0.0,9.9,0.7,,40.9,9.2,23.4,0.7,7.8,8.5,9.9,39.4,9.1,85.7,29.1,63.8,0.333,0.424,23.1,0.0,28.0,12.9,14.9,4.8,5.4,9.3,38.5,25.9,100.5,100.0,0.5,0.8,8.6,9.5,-0.0,0.1,0.1,0.06,1.6,0.1,2.9
Meleek Thomas,4,29.0,33.9,4.3,4.7,2.5,0.3,1.9,1.9,2.5,5.0,,58.5,12.7,25.5,4.3,9.9,2.2,2.2,50.0,43.8,100.0,25.3,64.1,0.39,0.085,39.0,5.2,7.2,5.2,22.3,3.4,0.9,6.6,31.4,31.4,125.3,114.3,11.0,11.4,-1.0,10.4,0.4,0.1,0.4,0.15,8.7,0.4,7.2
Brayden Burries,5,24.9,30.7,5.8,5.2,2.3,1.2,0.9,1.4,4.3,5.2,,54.9,10.1,20.8,2.6,7.5,4.9,7.2,48.6,34.6,68.0,25.3,63.9,0.361,0.347,28.6,4.3,13.5,7.3,29.0,3.1,3.0,3.4,28.5,29.4,127.3,116.6,10.7,11.6,0.8,12.4,0.4,0.1,0.4,0.14,7.3,0.5,7.6
Caleb Wilson,4,27.7,30.6,9.4,2.3,1.6,3.3,6.8,2.6,6.8,4.6,,59.6,11.1,22.1,4.2,10.1,2.0,5.9,50.0,41.9,33.3,18.7,61.9,0.456,0.265,50.0,7.5,20.0,11.6,18.1,2.3,7.8,21.7,35.1,22.2,92.7,112.3,-19.5,-6.7,3.6,-3.1,-0.2,0.1,-0.1,-0.04,-1.9,-0.0,-0.6
Darryn Peterson,5,27.9,29.7,4.1,6.7,1.3,1.5,6.2,1.3,2.8,5.4,,45.5,9.0,22.7,2.6,7.5,5.4,7.0,39.8,34.5,77.8,17.2,57.6,0.33,0.307,28.6,3.8,7.2,4.9,32.5,1.8,4.0,19.4,35.7,16.3,95.1,111.1,-16.0,-1.8,-2.0,-3.8,-0.2,0.1,-0.1,-0.02,-0.7,-0.1,-0.7
Darius Acuff Jr.,5,28.2,26.6,2.0,5.9,1.3,1.3,4.9,0.3,1.8,3.1,,40.0,8.9,25.6,2.6,9.5,4.1,5.9,35.0,27.0,69.6,12.5,47.2,0.37,0.23,31.4,0.7,5.6,2.4,37.6,1.8,3.8,15.0,34.6,11.8,86.3,119.0,-32.7,-4.3,-3.0,-7.3,-0.4,0.0,-0.4,-0.11,-4.6,-0.2,-2.3
Malik Reneau,2,13.3,25.6,9.4,0.0,1.3,2.7,1.3,2.7,6.7,2.7,,75.0,8.1,13.5,4.0,5.4,2.7,2.7,60.0,75.0,100.0,24.1,87.3,0.4,0.2,66.7,9.8,19.7,11.9,0.0,1.8,8.0,8.4,19.0,28.5,140.7,110.6,30.1,7.6,2.4,10.1,0.1,0.0,0.1,0.15,2.0,0.1,1.6
Bryce Hopkins,4,25.9,25.0,9.0,2.1,2.1,1.0,2.1,2.8,6.2,1.7,,57.8,9.4,17.7,1.7,4.9,2.8,4.2,52.9,35.7,66.7,21.1,64.0,0.275,0.235,48.1,7.9,18.0,11.6,7.7,2.8,2.8,9.6,23.7,25.3,122.0,113.4,8.6,3.6,1.9,5.4,0.2,0.1,0.3,0.11,7.0,0.2,4.8
Mikel Brown Jr.,4,21.6,24.9,2.5,6.7,2.1,0.8,4.2,0.0,2.5,4.2,,48.0,7.9,20.4,3.7,10.8,3.3,3.7,38.8,34.6,88.9,15.9,56.6,0.531,0.184,42.1,0.0,7.8,3.0,31.6,2.9,2.7,15.9,27.8,17.9,103.8,105.7,-1.9,3.0,-1.3,1.8,0.0,0.1,0.1,0.06,2.4,0.1,1.8
Cameron Carr,7,25.3,24.8,4.1,1.4,0.8,1.0,1.0,0.2,3.9,3.3,,49.5,8.3,19.7,2.8,9.8,3.3,4.5,42.3,29.2,72.7,15.4,57.2,0.495,0.227,82.9,0.6,12.6,5.0,8.7,1.2,3.0,4.5,26.3,17.9,104.8,116.0,-11.3,2.9,-1.9,1.0,0.0,0.1,0.1,0.03,1.4,0.1,1.7
Ryan Conwell,4,29.8,24.7,4.8,3.9,0.3,0.3,2.1,0.9,3.9,5.1,,50.8,7.5,18.1,3.3,10.9,2.7,2.7,41.7,30.6,100.0,16.0,64.1,0.6,0.15,52.0,2.8,11.1,6.1,20.6,0.5,0.8,9.9,26.4,16.9,111.2,118.7,-7.5,4.9,-3.5,1.4,0.1,0.0,0.1,0.05,2.9,0.1,1.9
Trevon Brazile,3,27.9,24.1,10.7,0.4,0.9,1.7,3.4,4.7,6.0,4.3,,55.7,8.6,18.9,3.9,8.2,1.7,2.1,45.5,47.4,80.0,16.4,60.6,0.432,0.114,65.0,13.4,17.4,13.8,1.6,1.1,4.6,14.8,24.9,20.5,110.9,116.4,-5.6,-2.0,0.0,-2.0,0.1,0.0,0.1,0.05,2.7,-0.0,-0.0
Hannes Steinbach,5,24.3,23.4,13.6,2.1,0.9,0.9,4.7,5.0,8.6,3.3,,61.5,8.6,14.2,0.3,0.6,3.3,4.4,60.4,50.0,73.3,19.4,72.3,0.042,0.312,75.9,15.6,24.8,17.7,9.8,1.2,2.5,22.7,23.8,21.7,107.3,112.4,-5.1,-1.3,2.1,0.8,0.1,0.1,0.1,0.05,3.0,0.1,1.7
Keba Keita,4,13.5,23.4,10.0,0.7,1.3,4.7,1.3,2.7,7.3,4.0,,68.2,10.0,14.7,0.0,0.0,2.0,3.3,68.2,,60.0,22.8,72.3,0.0,0.227,80.0,8.3,20.4,10.9,4.6,1.8,10.9,7.6,19.5,28.3,125.9,106.9,19.0,5.1,4.3,9.4,0.1,0.1,0.2,0.13,3.3,0.2,3.0
Cameron Boozer,7,27.7,23.2,9.5,4.8,1.9,0.4,4.1,3.7,5.7,3.5,,56.3,8.2,16.1,1.9,4.6,3.3,4.1,50.6,40.0,81.8,19.2,64.6,0.287,0.253,54.5,11.8,18.4,11.9,21.7,2.6,1.1,18.7,23.9,23.1,118.1,110.7,7.4,3.3,1.1,4.4,0.3,0.2,0.5,0.11,6.7,0.3,3.9
Keaton Wagler,4,28.2,23.0,4.1,3.5,0.6,0.3,2.9,1.0,3.2,5.4,,45.6,7.0,18.2,2.6,7.7,3.8,4.8,38.6,33.3,80.0,12.6,56.6,0.421,0.263,45.5,2.9,9.8,5.5,18.9,0.9,0.9,12.4,27.1,12.6,102.6,121.8,-19.2,0.2,-3.6,-3.4,-0.0,-0.0,-0.0,-0.0,-0.3,-0.0,-0.8
Koa Peat,4,27.2,22.2,6.3,3.0,2.0,0.7,4.0,1.0,5.3,7.9,,51.0,8.3,16.2,0.0,0.7,3.3,5.3,51.0,0.0,62.5,13.0,59.8,0.041,0.327,56.0,2.7,14.0,7.9,14.4,2.7,1.8,17.6,26.4,15.1,95.2,102.4,-7.2,-2.4,0.7,-1.7,-0.1,0.2,0.1,0.03,1.7,0.0,0.1
Nick Martinelli,5,24.1,22.1,9.6,2.4,1.2,0.0,1.5,2.7,6.9,5.7,,63.5,8.7,14.3,0.9,1.8,2.4,3.6,60.4,50.0,66.7,18.1,69.4,0.125,0.25,65.5,8.2,21.1,12.5,10.3,1.6,0.0,8.6,20.8,22.5,130.4,116.8,13.5,6.0,0.3,6.3,0.3,0.1,0.3,0.11,6.6,0.2,5.0
Tre White,7,24.9,22.1,8.0,2.3,1.9,1.0,1.4,1.2,6.8,1.0,,57.2,6.4,14.2,3.5,8.5,2.9,2.9,44.9,41.5,100.0,19.9,71.2,0.594,0.203,79.3,3.7,19.5,9.1,8.5,2.5,2.6,8.3,18.7,22.2,120.5,109.7,10.8,5.4,2.3,7.8,0.3,0.2,0.5,0.1,5.8,0.4,5.5
Ebuka Okorie,5,30.4,22.0,4.0,5.2,2.8,0.2,3.1,0.9,3.1,3.5,,38.6,7.6,20.8,0.9,5.4,3.5,4.0,36.4,17.4,88.2,14.0,48.7,0.261,0.193,15.6,2.8,9.5,5.1,25.9,3.9,0.6,12.0,29.6,15.1,94.1,118.9,-24.8,-1.2,0.2,-1.0,-0.2,0.0,-0.2,-0.04,-3.2,0.0,0.7
Morez Johnson Jr.,2,30.3,22.0,7.7,1.8,3.0,3.6,1.8,1.8,5.9,8.3,,66.0,9.5,14.9,0.6,3.0,1.8,2.4,64.0,20.0,75.0,19.8,69.1,0.2,0.16,68.8,5.7,16.7,10.6,7.6,4.1,8.9,10.1,20.9,26.1,120.5,102.1,18.4,5.4,5.0,10.4,0.1,0.1,0.2,0.13,3.9,0.2,3.8
Allen Graves,4,27.5,21.9,8.8,3.9,2.9,1.3,2.3,2.0,6.9,5.9,,61.8,8.5,16.7,3.6,7.2,1.0,1.0,51.0,50.0,100.0,19.1,64.0,0.431,0.059,76.9,5.7,18.2,9.7,15.4,4.0,3.9,11.8,21.1,24.9,121.5,101.0,20.5,6.4,4.2,10.7,0.2,0.2,0.4,0.15,9.8,0.3,8.6
Emanuel Sharp,7,25.9,21.8,4.2,2.0,3.6,0.8,1.6,0.4,3.8,6.0,,50.6,6.0,16.1,4.4,12.5,3.4,3.6,37.0,34.9,94.4,15.8,61.9,0.778,0.222,83.3,1.1,11.6,5.3,10.8,5.0,2.3,8.2,22.4,18.8,109.0,109.4,-0.5,3.2,2.4,5.6,0.1,0.2,0.3,0.07,3.7,0.3,4.4
Bruce Thornton,5,31.4,21.3,5.3,5.0,3.0,0.0,1.8,1.4,3.9,3.2,,48.6,6.2,15.8,3.0,7.3,3.4,4.6,39.1,40.6,75.0,17.8,59.8,0.464,0.29,51.9,4.0,11.2,6.5,23.4,4.2,0.0,9.3,22.7,20.1,117.3,108.9,8.4,5.3,1.0,6.3,0.2,0.2,0.4,0.1,8.1,0.3,6.5
Labaron Philon,4,31.9,20.8,3.9,6.5,1.7,0.3,2.8,0.8,3.1,1.1,,43.4,8.2,21.4,2.3,8.7,1.4,2.3,38.2,25.8,62.5,13.5,46.5,0.408,0.105,20.7,2.3,10.9,5.2,31.2,2.3,0.8,11.2,26.4,15.6,102.3,118.8,-16.5,1.3,-1.7,-0.5,-0.0,0.0,0.0,0.0,0.3,0.1,1.0
Jaylin Sellers,5,27.7,20.2,3.1,3.1,2.1,1.0,3.4,1.0,2.1,4.2,,46.7,6.2,15.8,2.3,9.9,3.6,4.4,39.3,23.7,82.4,12.6,57.0,0.623,0.279,45.8,3.0,6.1,3.6,16.4,2.9,2.5,16.0,22.6,14.5,102.1,119.9,-17.8,-1.1,-1.4,-2.5,-0.0,0.0,-0.0,-0.0,-0.0,-0.0,-0.4
Ezra Ausar,3,12.7,19.9,13.3,0.0,2.8,0.9,2.8,3.8,9.5,10.4,,63.6,6.6,10.4,0.0,0.0,3.8,7.6,63.6,,50.0,15.7,72.3,0.0,0.727,57.1,11.4,27.4,18.0,0.0,3.9,2.4,18.2,20.5,20.0,104.1,103.1,0.9,-2.5,6.0,3.5,0.0,0.1,0.1,0.08,1.0,0.1,0.8
Rienk Mast,4,27.6,19.9,11.7,2.3,0.3,0.3,2.0,5.9,5.9,1.6,,56.2,7.5,15.6,2.6,7.8,1.3,2.0,47.9,33.3,66.7,17.1,60.2,0.5,0.125,69.6,18.2,16.3,14.1,12.3,0.4,0.8,10.6,20.2,20.3,119.7,117.6,2.1,2.5,-1.8,0.7,0.2,0.0,0.2,0.08,4.3,0.1,1.5
Ja'Kobi Gillespie,7,26.6,19.7,3.9,6.8,2.5,0.6,3.5,2.1,1.7,3.5,,44.7,7.4,19.9,3.1,9.1,1.4,1.7,36.9,34.0,77.8,13.4,47.7,0.456,0.087,42.1,5.9,5.3,4.5,36.1,3.5,1.7,14.1,25.9,17.0,101.1,107.3,-6.2,1.5,-1.3,0.1,-0.0,0.2,0.2,0.04,2.1,0.1,1.4
Donovan Atwell,5,19.5,19.6,3.3,1.5,1.5,0.7,0.7,0.4,3.0,3.3,,72.2,6.7,13.3,5.9,12.2,0.4,1.1,50.0,48.5,33.3,14.8,71.0,0.917,0.083,83.3,1.1,8.7,3.8,7.5,2.1,1.8,5.1,15.7,20.6,141.9,121.3,20.6,7.5,-1.9,5.6,0.3,-0.0,0.3,0.11,5.1,0.2,3.7
Yaxel Lendeborg,7,26.2,19.3,8.6,5.9,1.8,1.4,3.1,2.2,6.5,3.7,,58.2,6.9,14.3,2.9,6.1,1.8,2.6,47.9,48.4,69.2,17.3,62.2,0.425,0.178,65.7,6.8,18.8,11.1,22.6,2.5,3.8,16.8,21.6,22.8,118.7,105.0,13.6,5.7,2.2,7.9,0.3,0.3,0.6,0.13,7.1,0.5,5.6
Amani Lyles,5,18.1,19.1,6.4,2.4,1.6,1.2,4.4,3.2,3.2,2.8,,56.5,6.4,12.3,1.2,4.4,2.8,3.2,51.6,27.3,87.5,14.7,69.5,0.355,0.258,75.0,8.8,11.2,8.3,9.2,2.2,3.3,24.2,20.0,16.4,103.9,117.4,-13.5,-2.2,-1.2,-3.4,0.0,0.0,0.0,0.02,0.7,-0.0,-0.6
Malik Dia,5,18.9,19.0,11.0,0.4,1.9,1.5,1.9,1.9,9.1,4.9,,42.7,6.8,18.3,1.9,5.3,1.9,2.7,37.5,35.7,71.4,12.1,48.9,0.292,0.146,61.1,5.0,25.8,12.9,1.7,2.6,4.0,8.9,24.3,14.3,89.0,102.2,-13.2,-4.8,4.4,-0.4,-0.1,0.2,0.0,0.01,0.5,0.0,0.8
Fletcher Loyer,5,13.3,19.0,2.2,1.6,0.5,0.0,1.6,0.5,1.6,1.6,,52.2,5.4,12.5,2.2,7.1,3.8,3.8,43.5,30.8,100.0,12.7,67.1,0.565,0.304,90.0,1.7,5.0,3.3,7.2,0.7,0.0,10.3,17.9,12.7,117.4,124.6,-7.2,2.7,-5.3,-2.6,0.1,-0.0,0.1,0.03,1.0,-0.0,-0.2
Bennett Stirtz,5,27.4,18.9,2.1,4.5,1.3,0.5,3.4,0.0,2.1,3.1,,52.5,7.1,15.7,2.4,7.9,1.3,1.3,45.0,30.0,100.0,11.5,57.9,0.5,0.083,40.7,0.0,6.4,2.6,21.9,1.8,1.5,17.5,22.8,13.2,96.2,128.9,-32.8,0.9,-3.2,-2.3,-0.1,-0.1,-0.2,-0.05,-2.5,-0.0,-0.1
Trey Kaufman-Renn,5,12.7,18.7,10.2,1.7,2.8,0.0,2.3,4.5,5.7,4.5,,55.3,5.7,10.8,0.6,2.3,3.4,3.4,52.6,25.0,100.0,18.2,76.2,0.211,0.316,70.0,12.5,17.1,12.3,7.9,3.7,0.0,15.6,16.8,19.6,122.8,118.5,4.3,1.5,1.7,3.2,0.1,0.0,0.1,0.07,2.2,0.1,1.6
Baba Miller,5,23.3,18.5,5.9,3.1,0.6,2.2,1.9,2.2,3.7,5.2,,67.6,6.5,10.5,1.2,2.5,2.5,3.4,61.8,50.0,72.7,16.4,77.2,0.235,0.324,76.2,6.6,11.4,7.7,13.0,0.8,6.1,13.4,16.6,19.8,132.6,118.1,14.5,5.7,-1.9,3.9,0.2,0.0,0.3,0.1,5.6,0.2,3.4
Dillon Mitchell,3,26.0,18.0,6.9,1.8,3.7,1.8,2.8,5.5,1.4,2.8,,51.4,7.9,16.6,1.4,3.7,0.5,2.3,47.2,37.5,20.0,15.5,51.0,0.222,0.139,64.7,15.5,4.0,8.2,9.9,5.1,5.1,13.6,21.9,19.8,99.8,102.5,-2.7,-3.2,1.2,-2.0,-0.0,0.1,0.1,0.05,2.1,-0.0,-0.0
Zuby Ejiofor,4,26.0,18.0,12.5,3.5,2.1,1.4,2.8,6.2,6.2,4.5,,45.5,4.2,11.4,2.1,5.9,4.5,5.5,36.4,35.3,81.2,18.4,64.9,0.515,0.485,83.3,17.7,19.1,13.5,16.0,2.9,3.5,16.4,18.5,20.8,115.5,102.7,12.9,1.0,2.3,3.3,0.1,0.2,0.3,0.11,3.8,0.1,1.7
Riley Kugel,5,8.1,17.9,3.6,0.9,0.9,0.9,2.7,1.8,1.8,3.6,,52.9,6.3,15.2,3.6,8.0,0.9,0.9,41.2,44.4,100.0,9.6,57.3,0.529,0.059,71.4,5.5,5.5,4.5,4.0,1.2,2.5,14.7,20.6,11.2,100.9,121.5,-20.6,-2.4,-3.9,-6.3,-0.0,-0.0,-0.0,-0.01,-0.2,-0.0,-0.9
Graham Ike,8,21.3,17.8,11.9,3.0,0.6,1.7,1.7,3.8,8.0,4.2,,50.8,6.3,12.7,0.2,0.8,2.8,3.4,50.0,25.0,81.2,16.8,62.6,0.067,0.267,53.3,12.3,23.5,15.0,12.1,0.9,4.7,10.3,19.2,20.9,122.2,106.5,15.7,3.1,1.9,4.9,0.3,0.2,0.5,0.12,6.2,0.3,3.6
Wyatt Fricks,4,9.3,17.5,7.8,1.0,0.0,1.0,1.0,5.8,1.9,2.9,,50.0,6.8,17.5,3.9,9.7,0.0,1.9,38.9,40.0,0.0,11.1,47.7,0.556,0.111,71.4,18.1,5.6,8.0,3.9,0.0,2.8,5.0,19.2,14.5,110.3,122.7,-12.5,-1.2,-5.2,-6.4,0.0,-0.0,0.0,0.02,0.4,-0.0,-0.8
Nate Ament,5,23.4,17.2,7.4,2.2,0.9,0.6,4.3,0.6,6.8,3.7,,58.8,6.2,12.3,2.2,5.5,1.8,3.1,50.0,38.9,60.0,10.1,63.1,0.45,0.25,70.0,1.8,21.1,10.1,9.6,1.3,1.6,24.0,20.4,11.9,94.4,119.9,-25.5,-3.4,0.2,-3.1,-0.1,0.0,-0.1,-0.03,-1.7,-0.0,-0.7
Nick Boyd,8,19.5,17.1,4.2,7.6,1.8,0.0,3.2,1.4,2.8,6.0,,42.7,5.5,14.3,1.2,5.3,2.5,3.2,38.7,21.7,78.6,12.3,54.3,0.371,0.226,27.3,4.2,9.2,5.6,35.3,2.7,0.0,17.1,22.7,14.3,101.7,116.4,-14.7,3.4,-2.0,1.4,-0.0,0.0,0.0,0.01,-1.1,0.1,1.4
Nate Bittle,4,20.6,17.0,11.8,3.9,1.3,4.8,4.4,3.1,8.7,5.7,,62.5,6.1,12.2,3.1,7.0,0.9,0.9,50.0,43.8,100.0,16.5,67.5,0.571,0.071,78.6,8.8,23.1,14.0,14.8,1.8,14.1,25.7,19.2,21.3,105.7,99.2,6.5,0.3,5.5,5.8,0.0,0.2,0.2,0.09,4.5,0.2,3.9
Tre Donaldson,7,28.1,17.0,5.3,7.1,2.2,0.4,3.5,1.5,3.8,2.6,,57.4,6.9,13.5,1.6,4.0,0.9,1.8,51.4,40.9,50.0,15.1,59.3,0.297,0.135,31.6,4.4,11.1,6.7,31.5,3.0,0.9,19.6,20.0,19.2,110.6,113.0,-2.4,4.9,-0.2,4.6,0.2,0.1,0.3,0.06,3.8,0.3,4.1
Seth Trimble,5,23.3,16.7,6.2,2.2,2.5,0.6,2.2,2.8,3.4,3.1,,47.5,5.3,12.4,1.2,4.6,2.8,3.1,42.5,26.7,90.0,14.0,60.8,0.375,0.25,47.1,8.4,9.6,7.9,9.0,3.4,1.6,13.6,17.8,15.7,108.6,113.7,-5.2,-0.2,-0.0,-0.2,0.1,0.1,0.1,0.04,2.6,0.1,1.1
Boopie Miller,3,9.4,16.5,3.8,6.4,3.8,0.0,5.1,2.5,1.3,2.5,,36.7,5.1,19.1,3.8,10.2,1.3,1.3,26.7,37.5,100.0,9.5,42.1,0.533,0.067,50.0,7.5,4.0,4.8,25.8,5.2,0.0,20.6,25.6,9.8,84.9,118.4,-33.6,-6.1,-0.0,-6.1,-0.1,0.0,-0.1,-0.09,-1.3,-0.0,-0.6
Quadir Copeland,5,28.9,16.5,4.5,3.7,3.2,0.0,2.5,1.2,3.2,7.2,,65.8,5.5,9.5,1.5,2.7,2.2,3.2,57.9,54.5,69.2,13.9,75.5,0.289,0.342,68.2,3.6,9.3,5.4,17.8,4.5,0.0,18.6,15.5,17.9,122.5,108.8,13.7,4.1,0.8,4.8,0.2,0.2,0.4,0.1,7.3,0.2,4.9
Jaron Pierre Jr.,3,22.0,16.4,2.7,1.1,1.1,0.0,2.7,0.0,2.7,5.5,,31.1,5.5,20.2,1.6,9.3,2.7,2.7,27.0,17.6,100.0,2.2,38.3,0.459,0.135,50.0,0.0,7.7,3.0,4.4,1.5,0.0,11.3,26.8,1.0,70.6,114.6,-44.0,-9.9,-3.5,-13.4,-0.2,0.0,-0.2,-0.13,-4.2,-0.2,-3.8
Tucker DeVries,4,19.3,16.3,1.9,2.8,0.0,0.0,0.9,0.9,0.9,3.3,,53.2,5.6,14.5,4.2,12.6,0.5,0.5,38.7,33.3,100.0,9.1,55.7,0.871,0.032,75.0,2.6,2.7,2.0,12.3,0.0,0.0,6.0,17.8,10.9,115.1,118.5,-3.4,3.6,-6.9,-3.3,0.1,0.0,0.1,0.05,1.8,-0.0,-0.5
Roddy Gayle,4,12.2,16.3,6.7,2.2,0.7,0.7,1.5,1.5,5.2,3.7,,76.9,5.9,9.6,3.0,4.4,0.7,1.5,61.5,66.7,50.0,14.1,79.3,0.462,0.154,50.0,4.4,16.0,8.4,13.9,1.0,2.0,12.6,13.8,18.8,137.1,123.0,14.1,5.6,-1.3,4.3,0.1,-0.0,0.1,0.08,1.9,0.1,1.5
Chris Cenac Jr.,4,23.3,16.2,12.3,1.5,0.4,4.2,4.6,3.9,8.5,5.0,,40.2,5.8,15.8,1.2,4.2,1.9,2.7,36.6,27.3,71.4,10.2,47.6,0.268,0.171,80.0,10.8,24.7,13.4,7.4,0.5,11.6,21.4,23.4,11.7,80.4,101.2,-20.9,-9.9,3.4,-6.5,-0.2,0.2,-0.1,-0.03,-1.4,-0.1,-2.1
Tramon Mark,1,18.3,15.7,5.9,0.0,0.0,0.0,2.0,0.0,5.9,5.9,,37.5,3.9,15.7,3.9,13.8,2.0,2.0,25.0,28.6,100.0,3.7,47.4,0.875,0.125,100.0,0.0,15.6,6.5,0.0,0.0,0.0,10.6,23.3,2.8,78.3,109.6,-31.3,-6.6,-2.6,-9.3,-0.0,0.0,-0.0,-0.05,-0.4,-0.0,-0.7
Henri Veesaar,8,20.1,15.5,7.4,3.1,1.1,1.8,4.3,2.0,5.4,6.3,,53.6,5.6,12.6,2.2,6.1,1.1,2.0,44.6,37.0,55.6,9.4,57.5,0.482,0.161,92.0,6.1,16.3,9.3,15.5,1.6,4.6,24.4,20.5,12.0,91.4,106.1,-14.7,-3.8,0.2,-3.5,-0.2,0.2,0.0,0.01,0.6,-0.1,-0.7
JT Toppin,3,18.7,15.4,12.2,0.6,0.6,0.6,1.9,3.2,9.0,0.6,,35.0,4.5,12.8,0.0,2.6,3.9,4.5,35.0,0.0,85.7,12.3,52.0,0.2,0.35,71.4,8.9,27.8,14.3,3.1,0.9,1.6,9.8,19.4,11.6,97.5,105.3,-7.8,-5.0,1.7,-3.3,-0.0,0.1,0.0,0.02,0.5,-0.0,-0.4
Tyler Nickel,5,28.5,15.4,4.5,2.0,1.3,0.5,1.0,0.0,4.5,3.0,,54.5,5.3,14.1,4.8,11.6,0.0,0.5,37.5,41.3,0.0,9.6,53.6,0.821,0.036,100.0,0.0,12.6,5.0,10.3,1.7,1.5,6.6,16.8,12.8,104.6,111.3,-6.7,1.9,-1.1,0.8,0.0,0.1,0.1,0.04,2.9,0.1,2.0
Duke Miles,5,15.1,15.2,4.3,6.2,1.4,0.5,2.4,1.0,3.3,3.3,,55.2,5.7,13.8,3.8,10.0,0.0,0.0,41.4,38.1,,11.9,55.2,0.724,0.0,75.0,2.6,11.7,5.4,25.6,2.0,1.3,14.7,16.5,16.1,118.2,119.0,-0.8,5.2,-1.9,3.3,0.1,0.0,0.1,0.06,2.2,0.1,2.0
Tre'Von Spillers,3,11.8,15.2,18.3,3.0,3.0,2.0,1.0,6.1,12.2,1.0,,57.7,6.1,13.2,3.0,6.1,0.0,0.0,46.2,50.0,,21.5,57.7,0.462,0.0,66.7,16.8,35.2,20.2,11.4,4.2,5.8,7.1,14.8,29.6,133.4,95.9,37.5,4.8,9.9,14.7,0.1,0.1,0.2,0.19,3.3,0.1,3.0
Nimari Burnett,4,23.0,14.9,5.1,4.3,2.0,0.4,1.2,2.0,3.1,5.1,,45.3,5.1,12.5,1.2,5.5,1.6,2.4,40.6,21.4,66.7,12.2,54.8,0.438,0.188,69.2,5.6,8.3,5.9,16.3,2.7,1.2,8.0,17.3,13.7,110.4,111.7,-1.3,2.7,-1.4,1.4,0.1,0.1,0.1,0.06,3.2,0.1,1.9
Lajae Jones,8,17.9,14.9,7.8,2.0,1.3,0.8,1.0,2.5,5.3,3.5,,45.5,5.8,14.1,1.3,4.5,1.5,2.5,41.1,27.8,60.0,11.0,48.8,0.321,0.179,52.2,8.0,15.2,10.4,7.3,1.8,2.2,6.1,18.1,14.3,106.8,108.3,-1.6,0.1,-0.2,-0.2,0.1,0.1,0.2,0.06,2.7,0.1,0.8
Isaiah Evans,4,25.7,14.7,3.5,1.7,0.3,0.3,3.1,1.7,1.7,3.8,,34.5,5.2,19.2,2.8,13.6,0.7,1.0,27.3,20.5,66.7,2.1,37.3,0.709,0.055,53.3,4.8,5.3,3.1,10.6,0.5,0.8,13.8,24.7,1.2,74.8,130.0,-55.2,-9.8,-5.4,-15.2,-0.3,-0.1,-0.4,-0.16,-8.0,-0.3,-6.7
Michael Ajayi,5,21.5,14.4,12.1,2.7,2.0,1.0,2.3,3.7,8.4,4.4,,54.7,5.4,10.7,1.0,4.7,1.7,3.4,50.0,21.4,50.0,14.0,59.1,0.438,0.312,68.8,11.5,24.3,15.2,12.6,2.8,2.9,16.1,16.5,18.0,110.1,108.4,1.8,-0.2,4.0,3.8,0.1,0.1,0.2,0.07,3.6,0.2,3.1
Xaivian Lee,5,16.0,14.4,4.5,5.4,1.4,0.5,2.2,0.0,4.5,5.0,,45.0,5.4,13.5,1.4,6.3,1.4,1.4,40.0,21.4,100.0,9.7,51.1,0.467,0.1,58.3,0.0,13.0,5.3,21.2,1.9,1.3,13.8,18.3,12.2,101.8,115.0,-13.3,2.1,-1.1,1.0,-0.0,0.0,0.0,0.02,0.7,0.1,1.2
Jack Kayil,4,22.4,14.1,4.8,5.6,2.8,0.4,2.8,2.0,2.8,2.4,,40.8,5.2,15.3,2.0,8.8,0.8,1.2,34.2,22.7,66.7,10.8,44.5,0.579,0.079,30.8,5.2,7.8,5.4,31.7,3.9,1.2,15.1,21.0,12.9,89.0,108.6,-19.6,-0.9,0.0,-0.9,-0.1,0.1,-0.0,-0.01,-0.6,0.0,0.5
Kingston Flemings,4,25.7,14.0,3.8,9.4,2.1,1.7,3.1,1.0,2.8,5.2,,36.4,4.9,15.4,1.4,4.5,1.4,2.8,31.8,30.8,50.0,10.9,42.1,0.295,0.182,35.7,3.0,8.3,4.5,36.9,2.8,4.3,16.4,21.7,12.4,93.4,106.1,-12.7,1.5,-0.4,1.1,-0.1,0.1,0.0,0.01,0.9,0.1,1.5
Chauncey Wiggins,3,7.7,14.0,9.3,1.6,1.6,0.0,0.0,6.2,3.1,0.0,,56.2,4.7,12.4,4.7,9.3,0.0,1.6,37.5,50.0,0.0,14.4,53.3,0.75,0.125,100.0,17.3,9.0,12.1,6.8,2.1,0.0,0.0,14.5,18.7,131.1,110.6,20.5,3.2,-2.2,1.0,0.1,0.0,0.1,0.12,1.3,0.0,0.3
Christian Anderson,5,26.8,13.9,3.5,5.6,1.6,0.3,3.8,0.5,3.0,2.7,,38.0,4.6,14.5,1.9,8.9,1.3,1.6,31.5,21.2,83.3,7.7,45.9,0.611,0.111,52.9,1.7,8.5,4.3,21.0,2.2,0.8,19.8,20.9,7.1,87.9,117.2,-29.3,-3.4,-2.0,-5.4,-0.2,0.1,-0.2,-0.05,-3.1,-0.1,-2.3
Aday Mara,5,23.9,13.8,10.5,4.8,0.6,2.7,5.1,2.7,7.8,2.7,,56.2,5.4,9.6,0.0,0.6,1.5,4.2,56.2,0.0,35.7,12.1,60.3,0.062,0.438,66.7,7.9,23.8,13.4,21.7,0.9,7.6,31.1,21.6,14.1,90.2,121.1,-30.9,-4.5,2.2,-2.3,-0.2,0.0,-0.2,-0.06,-2.4,-0.0,-0.0
Jaden Henley,5,11.8,13.4,8.5,1.8,2.4,0.6,4.9,1.8,6.7,6.1,,35.7,4.3,12.8,0.6,2.4,2.4,3.1,33.3,25.0,80.0,6.0,47.4,0.19,0.238,42.9,5.5,20.7,10.1,12.4,3.4,1.6,25.6,19.9,6.6,72.6,115.6,-43.1,-10.8,2.9,-8.0,-0.2,0.0,-0.2,-0.11,-3.2,-0.1,-1.8
Jaxon Kohler,4,16.1,13.4,11.7,2.2,1.1,1.1,0.6,3.4,8.4,2.2,,58.8,5.0,9.5,1.1,1.7,1.1,1.7,52.9,66.7,66.7,15.4,65.5,0.176,0.176,100.0,10.8,20.5,15.4,7.1,1.5,2.9,5.1,12.5,19.2,137.3,105.1,32.2,3.7,2.1,5.8,0.1,0.1,0.2,0.14,3.7,0.1,2.2
Tarris Reed Jr.,5,24.3,13.3,13.3,2.4,0.6,0.9,3.0,5.3,8.0,5.6,,40.0,5.3,13.3,0.0,0.9,1.8,2.4,40.0,0.0,75.0,9.7,46.4,0.067,0.178,44.4,14.8,25.0,16.9,10.7,0.9,2.6,17.0,18.8,13.2,93.3,105.5,-12.2,-4.8,1.0,-3.8,-0.1,0.2,0.1,0.02,0.6,-0.1,-0.7
Josh Dix,7,22.8,13.3,4.3,2.0,0.5,0.5,1.8,0.5,3.8,3.2,,58.2,5.0,11.1,2.9,7.2,0.2,0.5,44.9,40.6,50.0,8.1,59.1,0.653,0.041,81.8,1.3,11.6,5.5,10.8,0.6,1.3,14.0,15.1,10.6,103.7,129.7,-26.0,0.6,-3.2,-2.7,0.0,-0.1,-0.1,-0.03,-1.6,-0.0,-0.3
AK Okereke,8,16.7,13.2,4.9,2.7,0.8,1.3,1.9,1.6,3.2,6.2,,57.8,4.0,8.6,1.9,4.6,1.9,2.4,46.9,41.2,77.8,9.9,68.1,0.531,0.281,66.7,5.2,10.6,6.6,10.2,1.2,4.0,16.2,14.6,13.3,115.1,115.9,-0.7,2.3,-2.3,-0.0,0.1,0.0,0.2,0.05,2.1,0.1,0.8
Felix Okpara,4,22.0,13.1,9.0,2.9,0.8,2.0,4.1,4.1,4.9,5.7,,46.7,5.7,12.3,0.0,0.4,0.8,0.8,46.7,0.0,100.0,9.0,51.8,0.033,0.067,85.7,12.3,13.8,11.8,11.8,1.1,5.2,24.5,18.6,11.7,92.4,115.3,-22.9,-5.3,-0.6,-5.9,-0.1,0.1,-0.0,-0.02,-0.8,-0.1,-1.7
Aaron Nkrumah,2,14.2,12.7,5.1,2.5,0.0,0.0,2.5,1.3,3.8,5.1,,62.5,5.1,10.1,2.5,7.6,0.0,0.0,50.0,33.3,,6.8,62.5,0.75,0.0,50.0,3.6,11.0,6.6,8.5,0.0,0.0,20.0,12.6,10.0,113.8,124.1,-10.3,0.4,-4.5,-4.1,0.0,-0.0,0.0,0.02,0.3,-0.0,-0.4
Milos Uzan,5,26.2,12.7,5.8,5.5,0.0,0.3,1.9,0.8,5.0,2.5,,46.4,4.4,11.6,1.9,5.2,1.1,1.1,38.1,36.8,100.0,9.5,52.6,0.452,0.095,18.8,2.3,14.4,6.7,24.3,0.0,0.8,13.8,15.7,10.9,108.2,113.1,-4.8,3.1,-3.2,-0.0,0.1,0.1,0.1,0.05,2.9,0.1,1.3
Vsevolod Ishchenko,5,27.5,12.6,5.8,3.9,1.6,1.0,4.5,2.1,3.7,2.6,,46.7,3.4,7.9,0.5,1.3,2.9,4.7,43.3,40.0,61.1,9.8,63.3,0.167,0.6,61.5,6.7,10.3,7.5,16.6,2.2,2.6,31.0,18.2,9.1,89.0,113.6,-24.6,-4.4,-1.0,-5.4,-0.2,0.1,-0.1,-0.02,-1.5,-0.1,-2.3
Joshua Jefferson,3,21.2,12.5,2.8,2.3,3.4,1.1,2.3,0.0,2.8,3.4,,35.7,4.0,11.9,0.6,4.5,2.8,4.0,33.3,12.5,71.4,8.3,45.7,0.381,0.333,57.1,0.0,9.2,3.8,10.2,4.7,3.6,14.2,18.3,9.7,84.6,103.2,-18.6,-4.4,1.6,-2.8,-0.1,0.1,0.0,0.0,0.2,-0.0,-0.3
Melvin Council Jr.,3,23.6,12.2,2.5,5.6,2.0,0.5,2.5,0.5,2.0,3.6,,52.4,5.1,10.7,1.0,3.0,0.5,1.0,47.6,33.3,50.0,9.9,54.8,0.286,0.095,40.0,1.3,5.7,2.9,23.2,2.7,1.3,18.6,15.1,12.3,102.4,111.9,-9.5,2.2,-2.1,0.1,-0.0,0.1,0.1,0.03,1.1,0.0,0.8
Tyler Bilodeau,6,21.8,12.1,6.1,1.4,1.1,1.1,1.4,0.8,5.2,6.1,,48.8,4.1,11.0,2.5,6.9,0.8,1.1,37.5,36.0,75.0,7.1,52.7,0.625,0.1,86.7,2.6,15.1,7.3,5.6,1.6,3.3,10.8,14.9,10.5,99.3,103.0,-3.7,-1.0,-0.5,-1.4,-0.0,0.2,0.2,0.06,2.5,0.0,0.1
Corey Stephenson,4,9.0,12.0,7.0,1.0,0.0,0.0,2.0,3.0,4.0,7.0,,25.0,3.0,12.0,0.0,5.0,3.0,4.0,25.0,0.0,75.0,3.6,43.6,0.417,0.333,66.7,8.9,12.3,10.5,2.9,0.0,0.0,12.7,19.1,2.0,76.3,127.7,-51.4,-8.1,-4.2,-12.4,-0.1,-0.0,-0.1,-0.12,-2.1,-0.1,-1.9
Kylan Boswell,5,15.2,11.8,8.0,7.1,1.4,0.0,3.3,2.8,5.2,1.9,,69.4,4.7,8.5,2.4,4.7,0.0,1.4,55.6,50.0,0.0,13.0,64.7,0.556,0.167,80.0,8.8,15.0,10.9,30.0,2.0,0.0,26.6,14.3,17.1,118.1,115.9,2.2,4.9,-0.6,4.3,0.1,0.0,0.1,0.07,2.5,0.1,2.4
Tobe Awaka,5,21.2,11.6,11.2,0.7,1.0,2.0,3.7,5.8,5.4,7.8,,77.8,4.8,6.1,0.0,0.0,1.0,2.0,77.8,,50.0,10.5,82.4,0.0,0.333,57.1,16.7,15.9,13.8,2.7,1.4,4.9,34.8,12.5,15.5,107.2,117.5,-10.3,-4.0,0.4,-3.6,0.0,0.0,0.1,0.02,1.2,-0.0,-0.8
Malique Lewis,4,14.9,11.5,7.9,3.0,1.2,1.2,4.2,3.0,4.8,3.6,,35.3,3.0,10.3,1.2,4.8,2.4,2.4,29.4,25.0,100.0,7.6,50.6,0.471,0.235,40.0,8.9,14.5,9.0,14.4,1.6,3.2,27.4,17.1,8.1,82.5,114.4,-31.9,-6.3,-0.7,-7.1,-0.1,0.0,-0.1,-0.05,-0.6,-0.1,-0.9
Alex Karaban,5,26.4,11.4,5.2,1.6,0.5,0.3,2.5,2.5,2.7,1.4,,47.6,4.4,11.4,2.2,6.5,0.3,0.3,38.1,33.3,100.0,6.6,49.5,0.571,0.024,87.5,6.9,8.6,6.3,7.2,0.8,0.8,17.5,14.9,7.6,92.0,126.5,-34.5,-3.7,-4.1,-7.8,-0.1,-0.1,-0.2,-0.05,-3.5,-0.2,-3.8
Peter Suder,6,17.5,11.0,6.5,3.4,0.3,0.0,4.1,1.4,5.2,5.2,,39.4,3.8,11.3,1.4,6.2,1.0,1.4,33.3,22.2,75.0,3.5,46.0,0.545,0.121,54.5,4.4,16.7,9.6,11.4,0.5,0.0,25.5,19.5,3.2,78.5,117.8,-39.3,-6.9,-2.4,-9.3,-0.3,0.0,-0.2,-0.09,-3.3,-0.2,-2.6
David Green,3,20.8,11.0,3.5,1.2,0.0,0.6,0.6,1.2,2.3,2.9,,52.8,4.0,10.4,2.9,7.5,0.0,0.6,38.9,38.5,0.0,6.1,51.5,0.722,0.056,100.0,3.4,8.4,4.2,4.4,0.0,1.7,5.1,13.0,9.2,105.5,124.9,-19.4,0.8,-5.3,-4.5,0.0,-0.0,-0.0,-0.01,-0.6,-0.0,-1.2
Tobi Lawal,5,19.2,10.9,7.1,1.1,0.0,2.2,0.0,1.9,5.2,3.4,,46.0,3.7,9.4,1.1,4.9,1.1,1.1,40.0,23.1,100.0,9.7,55.1,0.52,0.12,80.0,5.9,14.8,9.2,4.4,0.0,5.6,0.0,12.6,11.5,115.7,115.1,0.6,1.2,-1.5,-0.3,0.1,0.1,0.1,0.05,2.3,0.0,0.8
Jaden Bradley,4,19.9,10.8,6.8,5.0,0.5,0.5,5.9,0.9,5.9,4.5,,29.6,3.6,12.2,0.0,0.9,3.6,5.0,29.6,0.0,72.7,2.2,37.7,0.074,0.407,37.5,2.6,15.6,7.3,20.6,0.6,1.3,29.0,21.2,1.9,72.3,112.8,-40.5,-9.7,-1.5,-11.2,-0.3,0.1,-0.2,-0.11,-5.3,-0.2,-4.5
Mark Mitchell,3,14.5,10.7,5.0,0.8,0.0,2.5,0.0,2.5,2.5,2.5,,56.2,3.3,6.6,0.8,2.5,2.5,3.3,50.0,33.3,75.0,10.9,66.6,0.375,0.5,75.0,7.0,7.1,5.3,2.7,0.0,6.6,0.0,8.3,13.8,148.9,122.1,26.8,2.8,-3.8,-1.1,0.1,-0.0,0.1,0.07,1.9,0.0,0.2
Tre Carroll,2,10.4,10.4,13.8,1.7,0.0,0.0,3.5,5.2,8.7,5.2,,50.0,5.2,10.4,0.0,1.7,0.0,0.0,50.0,0.0,,7.1,50.0,0.167,0.0,33.3,15.7,24.4,15.3,6.8,0.0,0.0,25.0,12.8,10.4,95.8,116.0,-20.3,-5.5,-0.2,-5.7,-0.0,0.0,-0.0,-0.01,-0.1,-0.0,-0.4
Sergio de Larrea,4,28.4,10.2,6.0,11.1,1.3,1.3,3.8,1.6,4.4,3.5,,33.3,2.9,10.5,1.3,6.3,2.2,2.5,27.3,20.0,87.5,11.0,43.8,0.606,0.242,77.8,5.0,12.5,7.6,45.8,1.7,3.2,24.7,18.2,12.5,102.6,113.2,-10.6,4.4,-0.7,3.7,-0.0,0.1,0.1,0.03,1.5,0.2,3.2
Barry Dunning jr,5,9.5,9.8,5.3,3.0,0.8,1.5,1.5,0.8,4.5,5.3,,50.0,3.8,9.8,2.3,7.5,0.0,0.8,38.5,30.0,0.0,6.3,48.4,0.769,0.077,80.0,2.0,12.4,6.1,9.2,1.0,3.9,13.0,12.1,8.9,101.9,108.9,-7.0,-0.3,-1.7,-2.0,-0.0,0.1,0.1,0.04,1.0,0.0,0.0
Aidan Mahaney,4,3.8,9.5,2.4,0.0,2.4,0.0,2.4,0.0,2.4,14.3,,66.7,4.8,7.2,0.0,2.4,0.0,0.0,66.7,0.0,,1.4,66.7,0.333,0.0,0.0,0.0,7.2,1.7,0.0,3.1,0.0,25.0,10.5,5.7,91.3,122.9,-31.6,-3.5,-2.0,-5.5,-0.0,-0.0,-0.0,-0.03,-0.2,-0.0,-0.3
Robert McCray V,3,7.6,9.5,3.2,1.6,0.0,1.6,1.6,1.6,1.6,3.2,,25.0,3.2,18.9,3.2,11.1,0.0,1.6,16.7,28.6,0.0,-2.2,24.1,0.583,0.083,100.0,4.8,5.2,4.0,9.2,0.0,4.9,7.2,25.0,-4.8,34.2,126.3,-92.0,-13.1,-5.2,-18.3,-0.2,-0.0,-0.2,-0.31,-5.1,-0.1,-3.2
Corey Camper Jr.,5,16.4,9.2,9.2,2.6,2.6,0.4,0.9,2.6,6.6,2.6,,42.0,4.4,11.0,0.4,4.4,0.0,0.9,40.0,10.0,0.0,9.6,40.6,0.4,0.08,30.0,7.2,17.5,10.5,12.2,3.6,1.2,7.2,13.2,13.4,97.9,99.3,-1.3,-1.3,2.9,1.5,-0.0,0.2,0.1,0.07,2.7,0.1,1.4
Otega Oweh,2,23.6,9.2,6.9,2.3,3.1,0.8,3.1,2.3,4.6,4.6,,28.6,3.1,10.7,0.0,1.5,1.5,2.3,28.6,0.0,66.7,5.9,39.2,0.143,0.214,50.0,5.9,14.0,7.8,11.0,4.2,2.1,20.7,18.3,6.6,65.7,117.3,-51.5,-8.9,2.1,-6.8,-0.1,0.0,-0.1,-0.11,-4.3,-0.1,-1.9
Chase Ross,4,9.8,9.1,6.4,3.7,3.7,0.9,1.8,0.9,5.5,1.8,,44.4,3.7,8.2,0.0,1.8,0.9,0.9,44.4,0.0,100.0,11.4,53.0,0.222,0.111,50.0,2.8,18.0,6.9,17.7,5.3,2.6,18.3,13.7,14.9,106.8,104.0,2.8,0.2,4.8,5.0,-0.0,0.1,0.0,0.04,0.5,0.1,0.8
Braden Smith,5,26.8,9.1,5.9,9.4,2.1,0.0,3.8,0.8,5.1,4.6,,33.8,2.4,9.1,1.3,4.6,1.9,2.4,26.5,29.4,77.8,8.7,44.8,0.5,0.265,55.6,2.5,14.2,6.8,38.7,2.9,0.0,26.9,15.9,10.0,94.5,112.8,-18.4,2.0,0.4,2.4,-0.1,0.1,-0.0,-0.0,-0.0,0.1,2.9
William Kyle III,7,12.3,8.4,7.6,1.7,1.7,1.7,2.5,3.8,3.8,4.6,,66.7,3.4,5.0,0.0,0.0,0.8,3.8,66.7,,22.2,8.5,62.7,0.0,0.75,50.0,12.0,12.2,9.0,5.8,2.4,4.7,27.9,12.9,12.4,100.8,112.0,-11.1,-3.7,0.1,-3.6,-0.0,0.1,0.1,0.03,0.6,-0.0,-0.4
Zach Cleveland,4,15.4,8.2,8.8,6.4,1.8,0.6,2.3,0.6,8.2,1.2,,50.0,2.9,5.8,0.0,1.2,1.2,1.2,50.0,0.0,100.0,12.0,64.3,0.2,0.2,60.0,1.7,24.7,11.0,27.2,2.5,1.6,27.1,10.3,14.5,116.0,112.1,3.9,3.5,3.1,6.7,0.0,0.1,0.1,0.07,1.6,0.1,2.4
Oscar Cluff,5,18.4,7.8,14.9,0.8,0.8,1.2,1.6,2.7,12.1,4.7,,46.7,2.7,5.9,0.0,2.0,1.2,2.0,46.7,0.0,60.0,8.8,58.1,0.333,0.333,57.1,8.0,34.9,17.1,3.4,1.1,3.5,18.9,10.1,11.7,100.5,102.3,-1.7,-3.4,5.2,1.9,-0.0,0.2,0.1,0.07,2.9,0.1,1.8
Maliq Brown,7,24.5,7.4,7.6,2.1,2.9,0.8,1.9,4.2,3.4,5.0,,62.5,2.3,4.2,0.6,1.7,1.1,1.1,55.0,37.5,100.0,10.4,78.8,0.4,0.25,54.5,11.8,10.5,9.1,9.7,4.1,2.4,30.3,7.7,14.7,119.7,102.7,17.0,0.1,1.0,1.1,0.1,0.3,0.4,0.09,4.7,0.1,1.6
Kowacie Reeves Jr.,2,10.1,7.2,10.7,0.0,1.8,1.8,3.6,3.6,7.2,5.4,,16.7,1.8,10.7,0.0,5.4,3.6,3.6,16.7,0.0,100.0,2.3,29.1,0.5,0.333,0.0,11.1,19.9,13.3,0.0,2.4,4.2,22.5,16.3,3.7,64.0,109.0,-45.0,-13.0,2.8,-10.2,-0.1,0.0,-0.1,-0.09,-0.9,-0.0,-0.8
Keyshawn Hall,5,16.1,7.1,7.6,1.3,1.3,0.0,4.0,1.3,6.2,4.5,,30.0,2.7,8.9,0.0,0.9,0.9,2.2,30.0,0.0,40.0,0.7,36.0,0.1,0.25,16.7,4.1,18.0,9.5,5.6,1.9,0.0,28.0,15.3,0.3,53.3,113.7,-60.5,-12.1,0.1,-12.0,-0.3,0.1,-0.2,-0.12,-3.0,-0.2,-2.5
Izaiyah Nelson,3,13.5,7.1,8.0,1.8,2.7,2.7,1.8,1.8,6.2,8.9,,50.0,2.7,5.3,0.0,0.9,0.9,1.8,50.0,0.0,50.0,7.6,58.1,0.167,0.333,100.0,6.5,18.1,9.3,6.8,3.6,7.9,22.5,9.6,11.8,100.1,106.3,-6.3,-2.5,4.0,1.6,-0.0,0.1,0.1,0.05,1.0,0.0,0.7
Houston Mallette,3,12.7,6.6,8.5,5.7,0.0,0.0,0.9,4.7,3.8,0.9,,20.8,1.9,11.3,0.9,9.4,0.9,0.9,16.7,10.0,100.0,6.5,28.1,0.833,0.083,100.0,13.7,11.0,9.1,19.0,0.0,0.0,7.4,12.8,7.1,94.5,126.5,-32.0,-1.1,-4.2,-5.3,-0.0,-0.0,-0.0,-0.05,-0.9,-0.0,-0.6
Ugonna Onyenso,5,17.7,5.7,9.8,0.8,1.6,3.7,2.0,4.1,5.7,3.3,,40.0,2.0,6.1,0.8,1.6,0.4,0.8,33.3,50.0,50.0,8.1,44.1,0.267,0.133,80.0,12.1,17.6,12.4,3.9,2.3,9.8,23.9,9.9,11.7,90.9,114.7,-23.8,-5.6,2.8,-2.7,-0.1,0.1,-0.0,-0.0,-0.1,-0.0,-0.3
Tamin Lipsey,2,22.8,5.5,4.7,1.6,0.8,0.0,1.6,1.6,3.2,4.7,,38.9,2.4,7.1,0.8,3.9,0.0,0.8,33.3,20.0,0.0,1.7,37.1,0.556,0.111,66.7,4.9,8.8,5.7,7.5,1.1,0.0,17.5,10.5,3.0,80.9,119.9,-39.0,-4.6,-3.6,-8.2,-0.1,0.0,-0.1,-0.04,-0.9,-0.1,-1.4
Dailyn Swain,4,28.0,5.5,6.4,2.9,1.0,0.0,2.2,1.6,4.8,3.5,,12.9,1.3,10.0,0.0,2.2,1.6,2.2,12.9,0.0,71.4,0.6,24.9,0.226,0.226,0.0,4.6,14.1,7.5,11.1,1.4,0.0,17.0,14.3,-0.7,58.6,121.6,-63.1,-9.2,-1.7,-10.9,-0.3,-0.0,-0.4,-0.13,-7.1,-0.2,-5.0
Rafael Castro,5,13.3,5.4,6.5,1.1,3.8,1.6,2.7,1.1,5.4,3.3,,28.6,2.2,7.6,0.0,1.1,0.5,1.6,28.6,0.0,33.3,4.6,32.6,0.143,0.214,100.0,3.2,16.2,8.3,4.9,5.1,4.2,24.1,13.1,6.3,57.3,105.0,-47.7,-9.2,4.6,-4.6,-0.2,0.1,-0.1,-0.05,-1.1,-0.0,-0.1
Lamar Wilkerson,4,9.3,4.8,1.9,4.8,0.0,0.0,1.0,1.0,1.0,2.9,,25.0,1.9,9.7,1.0,6.8,0.0,0.0,20.0,14.3,,1.1,25.0,0.7,0.0,100.0,2.5,2.9,3.0,17.2,0.0,0.0,9.3,11.7,1.3,71.3,136.4,-65.1,-1.7,-6.8,-8.5,-0.1,-0.1,-0.1,-0.12,-2.5,-0.1,-1.5
Robbie Avila,2,8.0,4.5,2.2,4.5,0.0,0.0,4.5,0.0,2.2,4.5,,16.7,2.2,13.5,0.0,4.5,0.0,0.0,16.7,0.0,,-6.5,16.7,0.333,0.0,100.0,0.0,7.4,2.6,28.7,0.0,0.0,26.1,20.6,-10.3,41.3,127.6,-86.2,-14.8,-5.8,-20.5,-0.1,-0.0,-0.1,-0.23,-2.6,-0.1,-1.4
Sam Hoiberg,5,11.1,0.0,6.5,3.2,1.9,0.0,1.3,2.6,3.9,5.8,,0.0,0.0,4.5,0.0,3.9,0.0,0.0,0.0,0.0,,0.4,0.0,0.857,0.0,,7.1,10.3,7.6,13.4,2.6,0.0,22.2,6.4,2.2,56.9,105.4,-48.4,-4.8,-1.1,-5.9,-0.1,0.1,-0.0,-0.01,-0.3,-0.1,-1.1
Karim Lopez,1,11.2,0.0,12.9,0.0,3.2,6.4,6.4,3.2,9.6,9.6,,0.0,0.0,3.2,0.0,0.0,0.0,0.0,0.0,,,0.3,0.0,0.0,0.0,,10.4,31.5,15.4,0.0,4.6,19.6,66.7,11.1,4.1,18.8,88.4,-69.6,-20.0,11.6,-8.4,-0.1,0.0,-0.0,-0.08,-0.4,-0.0,-0.4
Elijah Mahi,2,3.7,0.0,4.9,0.0,0.0,0.0,0.0,0.0,4.9,4.9,,0.0,0.0,4.9,0.0,4.9,0.0,0.0,0.0,0.0,,-3.9,0.0,1.0,0.0,,0.0,14.8,4.4,0.0,0.0,0.0,0.0,4.8,-3.8,0.0,129.5,-129.5,-7.3,-3.5,-10.7,-0.0,-0.0,-0.0,-0.13,-0.3,-0.0,-0.2
Mike Sharavjamts,1,12.2,0.0,5.9,0.0,0.0,0.0,3.0,0.0,5.9,3.0,,0.0,0.0,3.0,0.0,3.0,0.0,0.0,0.0,0.0,,-4.4,0.0,1.0,0.0,,0.0,17.3,7.4,0.0,0.0,0.0,50.0,6.5,-5.4,0.0,120.3,-120.3,-11.5,-2.5,-14.1,-0.0,0.0,-0.0,-0.13,-0.8,-0.0,-0.7
